time,session 
0,4228.2901249999995 
10,3651.5607142857148 
20,5180.820333333333 
30,8465.273454545453 
40,19463.20705555556 
50,35688.7375 
60,40654.615399999995 
70,0 
