time,session 
0,1695.6518971607527 
10,2049.914202872279 
20,2833.4618615850686 
30,3759.581093839131 
40,5796.02580250403 
50,6683.734519369185 
60,5524.171717221131 
70,0 
