time,connect,request 
0,2.6276666666666677,24.261018867924534 
10,1.0282127659574472,10.291769784172667 
20,0.8641450777202071,9.663020442930168 
30,0.8657419354838715,16.22870326409497 
40,0.9681428571428572,38.411029411764716 
50,0,205.5815 
60,0,0 
70,0,202.356 
