time,page 
0,56.69454815416668 
10,34.04510906834762 
20,35.10556155799862 
30,72.01609091413562 
40,96.93307521757522 
50,0.2015000000000029 
60,0 
70,0.0 
