time,freemem@tsung_controller@ip-172-31-17-3 
0,3516.609375 
10,3516.609375 
20,3516.609375 
30,3516.609375 
40,3516.609375 
50,3516.609375 
60,3516.609375 
70,3516.609375 
