time,page 
0,33.88044736842105 
10,12.795705357142861 
20,11.499591093117424 
30,36.333900662251665 
40,100.62130769230771 
50,205.5815 
60,0 
70,202.356 
