time,cpu@tsung_controller@ip-172-31-29-212 
0,2.0704107292539815 
10,2.0704107292539815 
20,2.0704107292539815 
30,5.472636815920398 
40,5.472636815920398 
50,5.472636815920398 
