time,session 
0,4319.8355 
10,5986.959714285716 
20,5675.199263157895 
30,8773.809860465115 
40,18208.195125000002 
50,30680.533750000002 
