time,page 
0,15.716357142857147 
10,8.793756756756755 
20,8.03635013262599 
30,10.961124293785316 
40,13.860000000000003 
50,15.4705 
