time,freemem@tsung_controller@ip-172-31-29-212 
0,3521.78125 
10,3521.78125 
20,3519.39453125 
30,3506.64453125 
40,3504.9453125 
50,3504.9453125 
