time,cpu@tsung_controller@ip-172-31-29-212 
0,2.0704107292539815 
10,0.7984031936127743 
20,1.2987012987012987 
30,5.472636815920398 
40,3.1777557100297913 
50,1.2922465208747516 
