time,session 
0,1947.9754999999996 
10,3537.995232392359 
20,3893.661706259877 
30,3900.512657516815 
40,3853.323041603731 
50,7306.384226979643 
