time,load@tsung_controller@ip-172-31-29-212 
0,0.03125 
10,0.03125 
20,0.03125 
30,0.03125 
40,0.03125 
50,0.03125 
