time,page 
0,18.148129016541084 
10,6.365374012515768 
20,5.283590197340099 
30,8.135819349827381 
40,6.381172507574809 
50,6.7615 
