time,cpu@tsung_controller@ip-172-31-29-212 
0,2.0704107292539815 
10,0.7984031936127743 
20,0.7984031936127743 
30,0.7984031936127743 
40,0.7984031936127743 
50,0.7984031936127743 
