time,page 
0,10.14130769230769 
10,14.493493506493508 
20,17.622512121212115 
30,30.863077419354845 
40,142.17148275862067 
50,306.92766666666665 
60,0 
70,294.406 
