time,session 
10,3228.2568503138345 
20,3896.511988736016 
30,4116.591189752266 
40,3544.588156328192 
50,4955.045896155615 
60,6186.743259367816 
70,2099.929236610658 
