time,page 
0,11.979714170114123 
10,44.31689733813197 
20,60.146946369966884 
30,85.79139409540282 
40,161.17279160377274 
50,19.558111852175855 
60,0 
70,0.0 
