time,session 
10,5120.8192727272735 
20,5892.99975 
30,7861.992670103094 
40,13513.611645161294 
50,25937.804300000003 
60,35740.53599999999 
70,41510.39033333334 
