time,freemem@tsung_controller@ip-172-31-17-3 
0,3516.375 
10,3516.10546875 
20,3509.00390625 
30,3491.05859375 
