time,session 
0,2343.435 
10,5614.37875 
20,6649.0236833333365 
30,7896.994809523809 
