time,size_sent,size_rcv 
0,8.7859375,85.28671875 
10,49.27578125,290.6375 
20,197.5796875,980.00390625 
30,160.6984375,1215.86640625 
