time,page 
0,63.024210780955904 
10,30.735693810371846 
20,27.497733028492004 
30,58.634099763915174 
