time,connect,request 
0,2.3073962772456134,60.51311424725257 
10,0.13148982904307446,29.467037336402328 
20,0.15398779796389292,24.715230220895165 
30,0.07532293132463712,47.051828961722386 
