time,connect,request 
0,1.7944444444444447,42.53437500000002 
10,0.9518913043478259,10.641871212121215 
20,0.8431785714285712,7.868702169625241 
30,0.8041139240506332,17.600328877005353 
