time,size_sent,size_rcv 
0,8.7859375,85.28671875 
10,58.06171875,375.92421875 
20,255.64140625,1355.928125 
30,416.33984375,2571.79453125 
