time,cpu@tsung_controller@ip-172-31-17-3 
0,0.48329882768715465 
10,0.5 
20,1.3039117352056169 
30,4.42211055276382 
