time,cpu@tsung_controller@ip-172-31-17-3 
0,0.48329882768715465 
10,0.48329882768715465 
20,0.48329882768715465 
30,0.48329882768715465 
