time,page 
0,48.62676190476191 
10,11.716141666666667 
20,9.948606965174129 
30,30.26065596330275 
