time,session 
0,0 
10,3709.2242590226356 
20,4937.815231303165 
30,3995.600690829222 
