time,cpu@tsung_controller@ip-172-31-17-3 
0,0.5980674944086919 
10,0.5005005005005005 
20,0.5005005005005005 
30,0.5005005005005005 
40,0.5005005005005005 
50,0.2004008016032064 
60,0.20020020020020018 
70,0.0 
80,0.0 
