time,page 
0,66.63758877281958 
10,42.874723975553614 
20,65.42984887809239 
30,254.39033709016059 
40,144.0747658340575 
50,46.5127339867871 
60,0.0 
70,0 
80,0 
