time,session 
0,1115.673 
10,4811.375776698926 
20,3130.390017047834 
30,4017.057049612771 
40,3036.8885752024507 
50,5795.5277603628465 
60,6476.185498966693 
70,0.0 
80,5895.789499999999 
