time,page 
0,30.33331034482758 
10,15.696858267716541 
20,20.11734063260339 
30,123.1732211055276 
40,184.20457894736842 
50,231.7977272727273 
60,265.695 
70,0 
80,0 
