time,page 
0,25.659499999999998 
10,10.110313953488372 
