time,connect,request 
0,4.072,25.659499999999998 
10,1.1116315789473687,9.765348314606747 
