time,size_sent,size_rcv 
0,1.77890625,9.11953125 
10,31.86328125,168.9125 
