time,cpu@tsung_controller@ip-172-31-17-3 
0,0.5001757109621399 
10,0.5001757109621399 
