time,page 
0,29.838035691323025 
10,24.649321721061817 
