time,freemem@tsung_controller@ip-172-31-17-3 
0,3515.34765625 
10,3515.73046875 
