time,load@tsung_controller@ip-172-31-17-3 
0,0.05859375 
10,0.05859375 
