time,connect,request 
0,4.104567537106274,29.838035691323025 
10,0.10764987619535539,24.265990061507768 
